{
	"class_name" : "ViewTrajectory",
	"interval" : 29,
	"is_loop" : false,
	"trajectory" : 
	[
		{
			"boundingbox_max" : [ 0.41773530840873718, 0.64786779880523682, 0.24679571390151978 ],
			"boundingbox_min" : [ -0.33879315853118896, -0.093515202403068542, -0.32542827725410461 ],
			"field_of_view" : 60.0,
			"front" : [ 0.5972184116308128, 0.47593633134979535, 0.64561194018579537 ],
			"lookat" : [ 0.0, 0.5677777777777776, 0.0 ],
			"up" : [ -0.28236044756080764, 0.87815080482833141, -0.38616543298515749 ],
			"zoom" : 1.3259999999999994
		}
	],
	"version_major" : 1,
	"version_minor" : 0
}