{
	"class_name" : "ViewTrajectory",
	"interval" : 29,
	"is_loop" : false,
	"trajectory" : 
	[
		{
			"boundingbox_max" : [ 0.20000000298023224, 0.89999997615814209, 0.20000003278255463 ],
			"boundingbox_min" : [ -0.20000000298023224, 0.5, -0.20000007748603821 ],
			"field_of_view" : 60.0,
			"front" : [ 0.5972184116308128, 0.47593633134979535, 0.64561194018579537 ],
			"lookat" : [ 0.025925925925925929, 0.5677777777777776, 0.0 ],
			"up" : [ -0.28236044756080764, 0.87815080482833141, -0.38616543298515749 ],
			"zoom" : 1.9279999999999999
		}
	],
	"version_major" : 1,
	"version_minor" : 0
}