{
	"class_name" : "ViewTrajectory",
	"interval" : 29,
	"is_loop" : false,
	"trajectory" : 
	[
		{
			"boundingbox_max" : [ 0.58125001192092896, 1.8999999761581421, 0.28100565075874329 ],
			"boundingbox_min" : [ -0.58125001192092896, 0.99449867010116577, -0.54100584983825684 ],
			"field_of_view" : 60.0,
			"front" : [ 0.74029841131975771, -0.00077114304701284854, 0.67227796895022807 ],
			"lookat" : [ 0.025925925925925929, 0.5677777777777776, 0.0 ],
			"up" : [ -0.025558861601182089, 0.9992441030532162, 0.029291075552548132 ],
			"zoom" : 1.1939999999999993
		}
	],
	"version_major" : 1,
	"version_minor" : 0
}