{
	"class_name" : "ViewTrajectory",
	"interval" : 29,
	"is_loop" : false,
	"trajectory" : 
	[
		{
			"boundingbox_max" : [ 1.0, 0.0, 1.0 ],
			"boundingbox_min" : [ -1.0, 0.0, -1.0 ],
			"field_of_view" : 60.0,
			"front" : [ 0.96398741732660087, 0.26554765251741141, -0.01458435732152801 ],
			"lookat" : [ 0.0, 0.0, 0.0 ],
			"up" : [ -0.26545083850750278, 0.96408909456766323, 0.0082504588579808691 ],
			"zoom" : 0.57199999999999984
		}
	],
	"version_major" : 1,
	"version_minor" : 0
}