{
	"class_name" : "ViewTrajectory",
	"interval" : 29,
	"is_loop" : false,
	"trajectory" : 
	[
		{
			"boundingbox_max" : [ 1.0, 0.0, 1.0 ],
			"boundingbox_min" : [ -1.0, 0.0, -1.0 ],
			"field_of_view" : 60.0,
			"front" : [ 0.67432381971317779, 0.47716435775411498, 0.56356149784786835 ],
			"lookat" : [ 0.025925925925925929, 0.5677777777777776, 0.0 ],
			"up" : [ -0.31874154826114959, 0.87650751245534486, -0.36074701110532942 ],
			"zoom" : 0.58199999999999885
		}
	],
	"version_major" : 1,
	"version_minor" : 0
}