{
	"class_name" : "ViewTrajectory",
	"interval" : 29,
	"is_loop" : false,
	"trajectory" : 
	[
		{
			"boundingbox_max" : [ 0.20000000298023224, 0.89999997615814209, 0.20000003278255463 ],
			"boundingbox_min" : [ -0.20000000298023224, 0.5, -0.20000007748603821 ],
			"field_of_view" : 60.0,
			"front" : [ 0.70001308176264287, 0.091620476518723695, 0.70822833439763599 ],
			"lookat" : [ 0.0, 0.69999998807907104, -2.2351741790771484e-08 ],
			"up" : [ -0.059778425362363441, 0.99577292877686308, -0.069733881122054128 ],
			"zoom" : 1.744
		}
	],
	"version_major" : 1,
	"version_minor" : 0
}